Table,OSPlatform,ActionType,DeviceCount
DeviceNetworkEvents,Linux,ConnectionSuccess,8405
DeviceEvents,Linux,AntivirusScanCompleted,5925
DeviceNetworkEvents,Linux,ConnectionFailed,5845
DeviceNetworkEvents,Linux,InboundConnectionAccepted,8287
DeviceNetworkEvents,Linux,ConnectionRequest,8563
DeviceEvents,Linux,AntivirusReport,7388
DeviceLogonEvents,Linux,LogonFailed,5154
DeviceFileEvents,Linux,FileDeleted,8543
DeviceEvents,Linux,ScriptContent,8553
DeviceLogonEvents,Linux,LogonSuccess,8189
DeviceProcessEvents,Linux,ProcessCreated,8598
DeviceFileEvents,Linux,FileCreated,7680
DeviceFileEvents,Linux,FileRenamed,7939
DeviceEvents,WindowsServer2022,GetClipboardData,708
DeviceEvents,WindowsServer2022,PnpDeviceAllowed,648
DeviceEvents,WindowsServer2022,WmiBindEventFilterToConsumer,628
DeviceEvents,WindowsServer2022,SensitiveFileRead,388
DeviceEvents,WindowsServer2022,ScheduledTaskDeleted,665
DeviceEvents,WindowsServer2022,AntivirusReport,877
DeviceEvents,WindowsServer2022,FirewallOutboundConnectionBlocked,91
DeviceEvents,WindowsServer2022,ExploitGuardWin32SystemCallBlocked,166
DeviceEvents,WindowsServer2022,AuditPolicyModification,823
DeviceEvents,WindowsServer2022,ShellLinkCreateFileEvent,866
DeviceEvents,WindowsServer2022,ScheduledTaskCreated,755
DeviceEvents,WindowsServer2022,CreateRemoteThreadApiCall,845
DeviceEvents,WindowsServer2022,AppControlPolicyApplied,171
DeviceEvents,WindowsServer2022,FirewallInboundConnectionToAppBlocked,88
DeviceEvents,WindowsServer2022,ProcessPrimaryTokenModified,782
DeviceEvents,WindowsServer2022,BrowserLaunchedToOpenUrl,792
DeviceEvents,WindowsServer2022,DriverLoad,891
DeviceEvents,WindowsServer2022,ServiceInstalled,854
DeviceEvents,WindowsServer2022,PnpDeviceConnected,849
DeviceNetworkEvents,WindowsServer2022,ListeningConnectionCreated,838
DeviceEvents,WindowsServer2022,FirewallInboundConnectionBlocked,91
DeviceEvents,WindowsServer2022,RemoteDesktopConnection,881
DeviceEvents,WindowsServer2022,ClrUnbackedModuleLoaded,855
DeviceEvents,WindowsServer2022,ExploitGuardAcgEnforced,205
DeviceEvents,WindowsServer2022,OpenProcessApiCall,865
DeviceEvents,WindowsServer2022,PowerShellCommand,893
DeviceEvents,WindowsServer2022,TvmAxonTelemetryEvent,891
DeviceEvents,WindowsServer2022,NtProtectVirtualMemoryApiCall,888
DeviceNetworkEvents,WindowsServer2022,ConnectionAcknowledged,888
DeviceEvents,WindowsServer2022,UsbDriveMounted,560
DeviceEvents,WindowsServer2022,ScheduledTaskUpdated,887
DeviceEvents,WindowsServer2022,TamperingAttempt,862
DeviceRegistryEvents,WindowsServer2022,RegistryKeyCreated,898
DeviceRegistryEvents,WindowsServer2022,RegistryKeyDeleted,898
DeviceRegistryEvents,WindowsServer2022,RegistryValueDeleted,894
DeviceEvents,WindowsServer2022,DpapiAccessed,898
DeviceEvents,WindowsServer2022,DnsQueryResponse,300
DeviceEvents,WindowsServer2022,ProcessCreatedUsingWmiQuery,898
DeviceFileEvents,WindowsServer2022,FileDeleted,893
DeviceFileEvents,WindowsServer2022,FileModified,896
DeviceFileEvents,WindowsServer2022,FileRenamed,897
DeviceEvents,WindowsServer2022,NamedPipeEvent,898
DeviceEvents,WindowsServer2022,NtAllocateVirtualMemoryApiCall,878
DeviceImageLoadEvents,WindowsServer2022,ImageLoaded,898
DeviceEvents,WindowsServer2022,LdapSearch,895
DeviceFileEvents,WindowsServer2022,FileCreated,898
DeviceNetworkEvents,WindowsServer2022,NetworkSignatureInspected,888
DeviceEvents,WindowsServer2022,ReadProcessMemoryApiCall,849
DeviceRegistryEvents,WindowsServer2022,RegistryValueSet,898
DeviceLogonEvents,WindowsServer2022,LogonAttempted,886
DeviceProcessEvents,WindowsServer2022,ProcessCreated,898
DeviceLogonEvents,WindowsServer2022,LogonFailed,799
DeviceLogonEvents,WindowsServer2022,LogonSuccess,888
DeviceNetworkEvents,WindowsServer2022,ConnectionSuccess,898
DeviceNetworkEvents,WindowsServer2022,ConnectionFailed,895
DeviceNetworkEvents,WindowsServer2022,ConnectionAttempt,863
DeviceNetworkEvents,WindowsServer2022,InboundConnectionAccepted,893
DeviceEvents,Windows11,AuditPolicyModification,2615
DeviceEvents,Windows11,UserAccountPasswordResetAttempt,7268
DeviceEvents,Windows11,WriteToLsassProcessMemory,1878
DeviceEvents,Windows11,UserAccountModified,1225
DeviceEvents,Windows11,ExploitGuardNonMicrosoftSignedBlocked,7133
DeviceNetworkEvents,Windows11,InboundConnectionAccepted,7187
DeviceEvents,Windows11,WmiBindEventFilterToConsumer,4689
DeviceEvents,Windows11,SecurityGroupDeleted,4420
DeviceEvents,Windows11,LdapSearch,7429
DeviceNetworkEvents,Windows11,NetworkSignatureInspected,7062
DeviceLogonEvents,Windows11,LogonFailed,6152
DeviceEvents,Windows11,ExploitGuardChildProcessAudited,4438
DeviceEvents,Windows11,UserAccountAddedToLocalGroup,5705
DeviceEvents,Windows11,UserAccountRemovedFromLocalGroup,5698
DeviceEvents,Windows11,SecurityGroupCreated,4693
DeviceEvents,Windows11,ExploitGuardAcgEnforced,7412
DeviceEvents,Windows11,ExploitGuardWin32SystemCallBlocked,7279
DeviceEvents,Windows11,ProcessPrimaryTokenModified,7269
DeviceEvents,Windows11,ServiceInstalled,7685
DeviceEvents,Windows11,SafeDocFileScan,5265
DeviceEvents,Windows11,CreateRemoteThreadApiCall,7827
DeviceNetworkEvents,Windows11,ConnectionFound,7138
DeviceNetworkEvents,Windows11,ConnectionAttempt,7478
DeviceEvents,Windows11,DnsQueryResponse,7765
DeviceFileEvents,Windows11,FileRenamed,7890
DeviceFileEvents,Windows11,FileDeleted,7855
DeviceFileEvents,Windows11,FileModified,7890
DeviceEvents,Windows11,ScheduledTaskUpdated,7881
DeviceEvents,Windows11,DriverLoad,7889
DeviceEvents,Windows11,AntivirusReport,7773
DeviceEvents,Windows11,AppControlPolicyApplied,7850
DeviceEvents,Windows11,AntivirusScanCompleted,7330
DeviceEvents,Windows11,ClrUnbackedModuleLoaded,7524
DeviceEvents,Windows11,SensitiveFileRead,7088
DeviceEvents,Windows11,PnpDeviceAllowed,7757
DeviceEvents,Windows11,ControlledFolderAccessViolationAudited,5609
DeviceEvents,Windows11,OpenProcessApiCall,2208
DeviceEvents,Windows11,AsrLsassCredentialTheftBlocked,7489
DeviceEvents,Windows11,AppControlCodeIntegrityPolicyAudited,7868
DeviceEvents,Windows11,AppControlCodeIntegritySigningInformation,7874
DeviceEvents,Windows11,TvmAxonTelemetryEvent,7886
DeviceEvents,Windows11,AppControlExecutableBlocked,3589
DeviceNetworkEvents,Windows11,DnsConnectionInspected,7848
DeviceNetworkEvents,Windows11,IcmpConnectionInspected,7638
DeviceEvents,Windows11,PowerShellCommand,7835
DeviceNetworkEvents,Windows11,ListeningConnectionCreated,7824
DeviceEvents,Windows11,PnpDeviceConnected,7800
DeviceEvents,Windows11,NtAllocateVirtualMemoryRemoteApiCall,7683
DeviceEvents,Windows11,NtProtectVirtualMemoryApiCall,7886
DeviceEvents,Windows11,ReadProcessMemoryApiCall,2060
DeviceEvents,Windows11,ScheduledTaskDeleted,7874
DeviceEvents,Windows11,AppControlExecutableAudited,7877
DeviceEvents,Windows11,NtAllocateVirtualMemoryApiCall,7797
DeviceEvents,Windows11,ProcessCreatedUsingWmiQuery,7890
DeviceEvents,Windows11,AppControlCodeIntegrityOriginAudited,7877
DeviceEvents,Windows11,ShellLinkCreateFileEvent,7832
DeviceEvents,Windows11,BrowserLaunchedToOpenUrl,7837
DeviceEvents,Windows11,AppControlCIScriptAudited,7858
DeviceEvents,Windows11,GetClipboardData,6790
DeviceEvents,Windows11,MemoryRemoteProtect,7248
DeviceFileEvents,Windows11,FileCreated,7890
DeviceLogonEvents,Windows11,LogonAttempted,7763
DeviceLogonEvents,Windows11,LogonSuccess,7761
DeviceNetworkEvents,Windows11,HttpConnectionInspected,7848
DeviceRegistryEvents,Windows11,RegistryValueDeleted,7860
DeviceNetworkEvents,Windows11,ConnectionFailed,7882
DeviceNetworkEvents,Windows11,SslConnectionInspected,7850
DeviceEvents,Windows11,ScheduledTaskCreated,7877
DeviceEvents,Windows11,DpapiAccessed,7890
DeviceEvents,Windows11,TamperingAttempt,7662
DeviceEvents,Windows11,NamedPipeEvent,7890
DeviceNetworkEvents,Windows11,ConnectionAcknowledged,7852
DeviceNetworkEvents,Windows11,ConnectionSuccess,7890
DeviceImageLoadEvents,Windows11,ImageLoaded,7890
DeviceRegistryEvents,Windows11,RegistryValueSet,7890
DeviceProcessEvents,Windows11,ProcessCreated,7890
DeviceRegistryEvents,Windows11,RegistryKeyCreated,7890
DeviceRegistryEvents,Windows11,RegistryKeyDeleted,7890
DeviceEvents,WindowsServer2016,GetClipboardData,415
DeviceEvents,WindowsServer2016,WmiBindEventFilterToConsumer,500
DeviceEvents,WindowsServer2016,SensitiveFileRead,334
DeviceEvents,WindowsServer2016,PnpDeviceAllowed,456
DeviceEvents,WindowsServer2016,TamperingAttempt,496
DeviceEvents,WindowsServer2016,RemoteDesktopConnection,532
DeviceEvents,WindowsServer2016,AntivirusScanCompleted,534
DeviceEvents,WindowsServer2016,ShellLinkCreateFileEvent,527
DeviceNetworkEvents,WindowsServer2016,ListeningConnectionCreated,536
DeviceEvents,WindowsServer2016,BrowserLaunchedToOpenUrl,481
DeviceEvents,WindowsServer2016,TvmAxonTelemetryEvent,524
DeviceEvents,WindowsServer2016,NtProtectVirtualMemoryApiCall,532
DeviceEvents,WindowsServer2016,RemoteWmiOperation,532
DeviceEvents,WindowsServer2016,AntivirusReport,504
DeviceLogonEvents,WindowsServer2016,LogonFailed,466
DeviceEvents,WindowsServer2016,ProcessPrimaryTokenModified,479
DeviceEvents,WindowsServer2016,ClrUnbackedModuleLoaded,530
DeviceFileEvents,WindowsServer2016,FileModified,532
DeviceLogonEvents,WindowsServer2016,LogonAttempted,530
DeviceEvents,WindowsServer2016,OpenProcessApiCall,523
DeviceEvents,WindowsServer2016,NtAllocateVirtualMemoryApiCall,532
DeviceEvents,WindowsServer2016,UserAccountRemovedFromLocalGroup,196
DeviceEvents,WindowsServer2016,UserAccountAddedToLocalGroup,223
DeviceEvents,WindowsServer2016,NamedPipeEvent,532
DeviceEvents,WindowsServer2016,LdapSearch,527
DeviceEvents,WindowsServer2016,DriverLoad,529
DeviceEvents,WindowsServer2016,PowerShellCommand,536
DeviceEvents,WindowsServer2016,ReadProcessMemoryApiCall,522
DeviceImageLoadEvents,WindowsServer2016,ImageLoaded,536
DeviceLogonEvents,WindowsServer2016,LogonSuccess,535
DeviceEvents,WindowsServer2016,CreateRemoteThreadApiCall,522
DeviceNetworkEvents,WindowsServer2016,InboundConnectionAccepted,536
DeviceFileEvents,WindowsServer2016,FileDeleted,532
DeviceProcessEvents,WindowsServer2016,ProcessCreated,536
DeviceEvents,WindowsServer2016,ProcessCreatedUsingWmiQuery,536
DeviceFileEvents,WindowsServer2016,FileRenamed,536
DeviceNetworkEvents,WindowsServer2016,ConnectionSuccess,536
DeviceRegistryEvents,WindowsServer2016,RegistryValueDeleted,535
DeviceRegistryEvents,WindowsServer2016,RegistryValueSet,536
DeviceFileEvents,WindowsServer2016,FileCreated,536
DeviceRegistryEvents,WindowsServer2016,RegistryKeyDeleted,536
DeviceRegistryEvents,WindowsServer2016,RegistryKeyCreated,536
DeviceNetworkEvents,WindowsServer2016,ConnectionFailed,532
DeviceEvents,WindowsServer2019,ScheduledTaskDeleted,1213
DeviceEvents,WindowsServer2019,WmiBindEventFilterToConsumer,1007
DeviceEvents,WindowsServer2019,ExploitGuardWin32SystemCallBlocked,413
DeviceEvents,WindowsServer2019,ProcessPrimaryTokenModified,1061
DeviceEvents,WindowsServer2019,CreateRemoteThreadApiCall,1225
DeviceEvents,WindowsServer2019,GetClipboardData,954
DeviceEvents,WindowsServer2019,NtProtectVirtualMemoryApiCall,1257
DeviceEvents,WindowsServer2019,BrowserLaunchedToOpenUrl,1148
DeviceEvents,WindowsServer2019,ShellLinkCreateFileEvent,1249
DeviceEvents,WindowsServer2019,ScheduledTaskCreated,1233
DeviceEvents,WindowsServer2019,ServiceInstalled,1246
DeviceEvents,WindowsServer2019,AuditPolicyModification,1162
DeviceEvents,WindowsServer2019,ClrUnbackedModuleLoaded,1242
DeviceEvents,WindowsServer2019,DriverLoad,1262
DeviceEvents,WindowsServer2019,ScheduledTaskUpdated,1258
DeviceEvents,WindowsServer2019,TvmAxonTelemetryEvent,1259
DeviceEvents,WindowsServer2019,OpenProcessApiCall,1085
DeviceEvents,WindowsServer2019,ExploitGuardAcgEnforced,354
DeviceNetworkEvents,WindowsServer2019,ListeningConnectionCreated,1242
DeviceEvents,WindowsServer2019,TamperingAttempt,1185
DeviceEvents,WindowsServer2019,AntivirusReport,1237
DeviceEvents,WindowsServer2019,AntivirusScanCompleted,1254
DeviceEvents,WindowsServer2019,SensitiveFileRead,746
DeviceEvents,WindowsServer2019,RemoteDesktopConnection,1215
DeviceFileEvents,WindowsServer2019,FileDeleted,1257
DeviceEvents,WindowsServer2019,PnpDeviceConnected,1044
DeviceFileEvents,WindowsServer2019,FileModified,1261
DeviceLogonEvents,WindowsServer2019,LogonFailed,1140
DeviceEvents,WindowsServer2019,LdapSearch,1257
DeviceNetworkEvents,WindowsServer2019,ConnectionFailed,1266
DeviceFileEvents,WindowsServer2019,FileRenamed,1263
DeviceEvents,WindowsServer2019,UsbDriveMounted,891
DeviceNetworkEvents,WindowsServer2019,NetworkSignatureInspected,1252
DeviceEvents,WindowsServer2019,NtAllocateVirtualMemoryApiCall,1260
DeviceEvents,WindowsServer2019,ProcessCreatedUsingWmiQuery,1265
DeviceEvents,WindowsServer2019,NamedPipeEvent,1258
DeviceEvents,WindowsServer2019,DpapiAccessed,1259
DeviceEvents,WindowsServer2019,PowerShellCommand,1243
DeviceNetworkEvents,WindowsServer2019,InboundConnectionAccepted,1262
DeviceNetworkEvents,WindowsServer2019,ConnectionAttempt,1240
DeviceRegistryEvents,WindowsServer2019,RegistryKeyCreated,1265
DeviceRegistryEvents,WindowsServer2019,RegistryKeyDeleted,1263
DeviceRegistryEvents,WindowsServer2019,RegistryValueDeleted,1265
DeviceImageLoadEvents,WindowsServer2019,ImageLoaded,1265
DeviceLogonEvents,WindowsServer2019,LogonAttempted,1262
DeviceLogonEvents,WindowsServer2019,LogonSuccess,1266
DeviceProcessEvents,WindowsServer2019,ProcessCreated,1265
DeviceFileEvents,WindowsServer2019,FileCreated,1265
DeviceEvents,WindowsServer2019,ReadProcessMemoryApiCall,1087
DeviceNetworkEvents,WindowsServer2019,ConnectionSuccess,1266
DeviceRegistryEvents,WindowsServer2019,RegistryValueSet,1265
DeviceNetworkEvents,WindowsServer2019,ConnectionAcknowledged,1259
DeviceEvents,Windows11,UsbDriveUnmounted,794
DeviceEvents,Windows11,UsbDriveMounted,832
DeviceEvents,Windows11,AppControlCodeIntegrityPolicyLoaded,6766
DeviceEvents,Windows11,ControlFlowGuardViolation,1177
DeviceEvents,Windows11,GetAsyncKeyStateApiCall,1671
DeviceEvents,Windows11,UserAccountDeleted,264
DeviceEvents,Windows11,UserAccountCreated,533
DeviceNetworkEvents,Windows11,KerberosConnectionInspected,6689
DeviceNetworkEvents,Windows11,NtlmAuthenticationInspected,6517
DeviceEvents,WindowsServer2025,UserAccountAddedToLocalGroup,36
DeviceEvents,WindowsServer2025,UserAccountRemovedFromLocalGroup,26
DeviceNetworkEvents,WindowsServer2025,ConnectionFound,21
DeviceEvents,WindowsServer2025,ExploitGuardChildProcessAudited,29
DeviceEvents,WindowsServer2025,WmiBindEventFilterToConsumer,62
DeviceEvents,WindowsServer2025,AuditPolicyModification,82
DeviceEvents,WindowsServer2025,CreateRemoteThreadApiCall,71
DeviceEvents,WindowsServer2025,ServiceInstalled,77
DeviceEvents,WindowsServer2025,PnpDeviceConnected,62
DeviceEvents,WindowsServer2025,PnpDeviceAllowed,51
DeviceEvents,WindowsServer2025,NtAllocateVirtualMemoryRemoteApiCall,37
DeviceFileEvents,WindowsServer2025,FileModified,84
DeviceEvents,WindowsServer2025,ShellLinkCreateFileEvent,79
DeviceEvents,WindowsServer2025,TamperingAttempt,60
DeviceEvents,WindowsServer2025,GetClipboardData,40
DeviceEvents,WindowsServer2025,RemoteDesktopConnection,82
DeviceEvents,WindowsServer2025,DriverLoad,84
DeviceEvents,WindowsServer2025,BrowserLaunchedToOpenUrl,79
DeviceEvents,WindowsServer2025,OpenProcessApiCall,79
DeviceEvents,WindowsServer2025,ScheduledTaskDeleted,46
DeviceEvents,WindowsServer2025,ScheduledTaskCreated,56
DeviceEvents,WindowsServer2025,ScheduledTaskUpdated,83
DeviceEvents,WindowsServer2025,AntivirusScanCompleted,63
DeviceEvents,WindowsServer2025,LdapSearch,84
DeviceEvents,WindowsServer2025,ClrUnbackedModuleLoaded,79
DeviceEvents,WindowsServer2025,UsbDriveMounted,67
DeviceEvents,WindowsServer2025,AntivirusReport,81
DeviceEvents,WindowsServer2025,ProcessCreatedUsingWmiQuery,84
DeviceEvents,WindowsServer2025,ProcessPrimaryTokenModified,57
DeviceLogonEvents,WindowsServer2025,LogonFailed,71
DeviceNetworkEvents,WindowsServer2025,ConnectionFailed,83
DeviceNetworkEvents,WindowsServer2025,NetworkSignatureInspected,84
DeviceFileEvents,WindowsServer2025,FileRenamed,81
DeviceFileEvents,WindowsServer2025,FileDeleted,78
DeviceEvents,WindowsServer2025,PowerShellCommand,83
DeviceEvents,WindowsServer2025,NamedPipeEvent,84
DeviceEvents,WindowsServer2025,TvmAxonTelemetryEvent,84
DeviceEvents,WindowsServer2025,NtProtectVirtualMemoryApiCall,84
DeviceEvents,WindowsServer2025,DpapiAccessed,84
DeviceEvents,WindowsServer2025,NtAllocateVirtualMemoryApiCall,77
DeviceLogonEvents,WindowsServer2025,LogonSuccess,83
DeviceLogonEvents,WindowsServer2025,LogonAttempted,83
DeviceFileEvents,WindowsServer2025,FileCreated,84
DeviceRegistryEvents,WindowsServer2025,RegistryValueDeleted,83
DeviceEvents,WindowsServer2025,ReadProcessMemoryApiCall,80
DeviceImageLoadEvents,WindowsServer2025,ImageLoaded,84
DeviceNetworkEvents,WindowsServer2025,ListeningConnectionCreated,81
DeviceRegistryEvents,WindowsServer2025,RegistryKeyCreated,84
DeviceRegistryEvents,WindowsServer2025,RegistryKeyDeleted,84
DeviceRegistryEvents,WindowsServer2025,RegistryValueSet,84
DeviceProcessEvents,WindowsServer2025,ProcessCreated,84
DeviceNetworkEvents,WindowsServer2025,ConnectionAcknowledged,84
DeviceNetworkEvents,WindowsServer2025,InboundConnectionAccepted,83
DeviceNetworkEvents,WindowsServer2025,ConnectionSuccess,84
DeviceNetworkEvents,WindowsServer2025,ConnectionAttempt,82
DeviceNetworkEvents,WindowsServer2019,ConnectionFound,532
DeviceEvents,WindowsServer2019,ScreenshotTaken,526
DeviceEvents,WindowsServer2019,ExploitGuardNonMicrosoftSignedBlocked,363
DeviceEvents,WindowsServer2019,AppControlCodeIntegritySigningInformation,471
DeviceEvents,WindowsServer2016,PnpDeviceConnected,336
DeviceEvents,WindowsServer2019,UserAccountAddedToLocalGroup,527
DeviceEvents,WindowsServer2019,UserAccountModified,437
DeviceEvents,WindowsServer2019,UserAccountPasswordResetAttempt,452
DeviceEvents,WindowsServer2019,PnpDeviceAllowed,586
DeviceEvents,WindowsServer2019,AntivirusScanCancelled,222
DeviceEvents,WindowsServer2019,RemoteWmiOperation,200
DeviceEvents,WindowsServer2016,UserAccountModified,130
DeviceEvents,WindowsServer2016,UserAccountPasswordResetAttempt,129
DeviceEvents,Windows11,AsrUntrustedExecutableAudited,242
DeviceEvents,Windows11,RemoteDesktopConnection,2641
DeviceEvents,Windows11,NtMapViewOfSectionRemoteApiCall,768
DeviceEvents,WindowsServer2019,ExploitGuardNonMicrosoftSignedAudited,149
DeviceEvents,WindowsServer2019,ExploitGuardAcgAudited,280
DeviceEvents,WindowsServer2019,NtAllocateVirtualMemoryRemoteApiCall,369
DeviceEvents,WindowsServer2019,NtMapViewOfSectionRemoteApiCall,75
DeviceEvents,WindowsServer2019,ControlledFolderAccessViolationAudited,139
DeviceEvents,WindowsServer2016,ScreenshotTaken,176
DeviceNetworkEvents,Windows11,SshConnectionInspected,484
DeviceEvents,Windows11,AsrPsexecWmiChildProcessAudited,871
DeviceEvents,Windows11,ExploitGuardChildProcessBlocked,398
DeviceEvents,Linux,OtherAlertRelatedActivity,215
DeviceEvents,WindowsServer2019,UserAccountDeleted,33
DeviceEvents,WindowsServer2019,UserAccountCreated,37
DeviceEvents,WindowsServer2019,AppControlExecutableBlocked,18
DeviceEvents,WindowsServer2019,AppControlPolicyApplied,130
DeviceEvents,WindowsServer2019,UserAccountRemovedFromLocalGroup,482
DeviceEvents,Linux,PTraceDetected,84
DeviceEvents,WindowsServer2022,ExploitGuardChildProcessAudited,250
DeviceEvents,WindowsServer2022,ScreenshotTaken,359
DeviceNetworkEvents,WindowsServer2022,ConnectionFound,372
DeviceEvents,WindowsServer2022,AntivirusScanCompleted,777
DeviceNetworkEvents,WindowsServer2016,ConnectionFound,159
DeviceEvents,WindowsServer2022,RemoteWmiOperation,198
DeviceEvents,WindowsServer2022,UserAccountPasswordResetAttempt,267
DeviceEvents,WindowsServer2022,UserAccountModified,283
DeviceEvents,WindowsServer2022,UserAccountAddedToLocalGroup,567
DeviceEvents,WindowsServer2022,UserAccountRemovedFromLocalGroup,457
DeviceEvents,Windows11,AntivirusScanCancelled,413
DeviceEvents,WindowsServer2022,SecurityGroupDeleted,24
DeviceEvents,WindowsServer2022,SecurityGroupCreated,235
DeviceEvents,WindowsServer2022,UsbDriveUnmounted,15
DeviceEvents,WindowsServer2022,ExploitGuardNonMicrosoftSignedBlocked,277
DeviceEvents,WindowsServer2022,AppControlCodeIntegritySigningInformation,354
DeviceEvents,Windows11,BluetoothPolicyTriggered,1450
DeviceEvents,Windows11,ExploitGuardNetworkProtectionBlocked,383
DeviceEvents,Linux,AntivirusScanCancelled,244
DeviceEvents,WindowsServer2019,WriteToLsassProcessMemory,84
DeviceEvents,WindowsServer2022,UserAccountCreated,106
DeviceEvents,WindowsServer2019,SecurityGroupCreated,32
DeviceEvents,WindowsServer2019,AsrLsassCredentialTheftBlocked,51
DeviceEvents,WindowsServer2019,DirectoryServiceObjectCreated,23
DeviceEvents,WindowsServer2019,DnsQueryResponse,70
DeviceEvents,WindowsServer2022,UserAccountDeleted,47
DeviceEvents,WindowsServer2022,ExploitGuardAcgAudited,44
DeviceEvents,Linux,AntivirusDetection,47
DeviceEvents,Windows11,AsrOfficeCommAppChildProcessBlocked,124
DeviceEvents,WindowsServer2016,AppControlPolicyApplied,28
DeviceEvents,WindowsServer2022,AntivirusScanCancelled,170
DeviceEvents,WindowsServer2022,SmartScreenAppWarning,20
DeviceEvents,WindowsServer2019,AntivirusDetection,26
DeviceEvents,WindowsServer2019,AppControlAppInstallationAudited,3
DeviceEvents,WindowsServer2019,ExploitGuardChildProcessBlocked,4
DeviceEvents,WindowsServer2019,UsbDriveUnmounted,8
DeviceEvents,WindowsServer2019,AppControlExecutableAudited,22
DeviceEvents,WindowsServer2019,AppControlScriptAudited,12
DeviceEvents,WindowsServer2022,ControlFlowGuardViolation,8
DeviceNetworkEvents,Windows11,SmtpConnectionInspected,75
DeviceEvents,WindowsServer2022,AsrLsassCredentialTheftBlocked,122
DeviceEvents,WindowsServer2022,AsrPsexecWmiChildProcessAudited,103
DeviceEvents,macOS,TamperingAttempt,92
DeviceEvents,macOS,AntivirusScanCompleted,8
DeviceFileEvents,macOS,FileDeleted,98
DeviceFileEvents,macOS,FileCreated,98
DeviceFileEvents,macOS,FileRenamed,97
DeviceEvents,macOS,PlistPropertyModified,95
DeviceEvents,macOS,ScriptContent,98
DeviceLogonEvents,macOS,LogonSuccess,91
DeviceNetworkEvents,macOS,InboundConnectionAccepted,59
DeviceProcessEvents,macOS,ProcessCreated,98
DeviceNetworkEvents,macOS,ConnectionRequest,98
DeviceEvents,Windows11,AsrOfficeMacroWin32ApiCallsBlocked,86
DeviceEvents,WindowsServer2022,WriteToLsassProcessMemory,28
DeviceEvents,Windows11,ExploitGuardAcgAudited,8
DeviceEvents,WindowsServer2016,AntivirusScanCancelled,95
DeviceEvents,Windows11WVD,GetAsyncKeyStateApiCall,105
DeviceEvents,Windows11WVD,InboundRemoteRpcCall,273
DeviceEvents,Windows11WVD,AntivirusScanCompleted,388
DeviceEvents,Windows11WVD,AsrOfficeMacroWin32ApiCallsAudited,116
DeviceLogonEvents,Windows11WVD,LogonFailed,374
DeviceEvents,Windows11WVD,ExploitGuardWin32SystemCallBlocked,323
DeviceEvents,Windows11WVD,SecurityGroupCreated,276
DeviceEvents,Windows11WVD,ServiceInstalled,430
DeviceEvents,Windows11WVD,AsrLsassCredentialTheftBlocked,321
DeviceEvents,Windows11WVD,ControlledFolderAccessViolationAudited,195
DeviceEvents,Windows11WVD,SensitiveFileRead,372
DeviceEvents,Windows11WVD,ShellLinkCreateFileEvent,396
DeviceEvents,Windows11WVD,ProcessPrimaryTokenModified,421
DeviceEvents,Windows11WVD,SafeDocFileScan,257
DeviceEvents,Windows11WVD,PnpDeviceConnected,419
DeviceEvents,Windows11WVD,DnsQueryResponse,366
DeviceNetworkEvents,Windows11WVD,IcmpConnectionInspected,366
DeviceEvents,Windows11WVD,ExploitGuardNonMicrosoftSignedBlocked,361
DeviceEvents,Windows11WVD,AppControlCodeIntegritySigningInformation,364
DeviceEvents,Windows11WVD,CreateRemoteThreadApiCall,429
DeviceEvents,Windows11WVD,AntivirusScanCancelled,386
DeviceEvents,Windows11WVD,BrowserLaunchedToOpenUrl,434
DeviceEvents,Windows11WVD,RemoteDesktopConnection,430
DeviceEvents,Windows11WVD,ScheduledTaskCreated,346
DeviceEvents,Windows11WVD,ScheduledTaskDeleted,359
DeviceEvents,Windows11WVD,PnpDeviceAllowed,395
DeviceEvents,Windows11WVD,UserAccountRemovedFromLocalGroup,361
DeviceNetworkEvents,Windows11WVD,ListeningConnectionCreated,429
DeviceNetworkEvents,Windows11WVD,InboundConnectionAccepted,433
DeviceNetworkEvents,Windows11WVD,ConnectionFound,350
DeviceEvents,Windows11WVD,NtAllocateVirtualMemoryRemoteApiCall,370
DeviceEvents,Windows11WVD,NtAllocateVirtualMemoryApiCall,405
DeviceNetworkEvents,Windows11WVD,ConnectionFailed,435
DeviceNetworkEvents,Windows11WVD,HttpConnectionInspected,435
DeviceNetworkEvents,Windows11WVD,DnsConnectionInspected,435
DeviceNetworkEvents,Windows11WVD,KerberosConnectionInspected,381
DeviceNetworkEvents,Windows11WVD,NetworkSignatureInspected,415
DeviceFileEvents,Windows11WVD,FileRenamed,434
DeviceEvents,Windows11WVD,AuditPolicyModification,358
DeviceEvents,Windows11WVD,UserAccountAddedToLocalGroup,371
DeviceEvents,Windows11WVD,ClrUnbackedModuleLoaded,419
DeviceEvents,Windows11WVD,ScheduledTaskUpdated,434
DeviceEvents,Windows11WVD,TamperingAttempt,360
DeviceEvents,Windows11WVD,TvmAxonTelemetryEvent,434
DeviceEvents,Windows11WVD,ExploitGuardAcgEnforced,370
DeviceEvents,Windows11WVD,LdapSearch,373
DeviceNetworkEvents,Windows11WVD,NtlmAuthenticationInspected,413
DeviceNetworkEvents,Windows11WVD,ConnectionAttempt,421
DeviceEvents,Windows11WVD,NtProtectVirtualMemoryApiCall,434
DeviceEvents,Windows11WVD,GetClipboardData,366
DeviceEvents,Windows11WVD,PowerShellCommand,433
DeviceEvents,Windows11WVD,ProcessCreatedUsingWmiQuery,435
DeviceEvents,Windows11WVD,AntivirusReport,432
DeviceFileEvents,Windows11WVD,FileDeleted,429
DeviceEvents,Windows11WVD,DriverLoad,434
DeviceEvents,Windows11WVD,DpapiAccessed,435
DeviceEvents,Windows11WVD,NamedPipeEvent,435
DeviceNetworkEvents,Windows11WVD,SslConnectionInspected,435
DeviceNetworkEvents,Windows11WVD,ConnectionAcknowledged,435
DeviceNetworkEvents,Windows11WVD,ConnectionSuccess,435
DeviceRegistryEvents,Windows11WVD,RegistryValueDeleted,433
DeviceImageLoadEvents,Windows11WVD,ImageLoaded,435
DeviceProcessEvents,Windows11WVD,ProcessCreated,435
DeviceFileEvents,Windows11WVD,FileModified,434
DeviceLogonEvents,Windows11WVD,LogonAttempted,434
DeviceLogonEvents,Windows11WVD,LogonSuccess,432
DeviceRegistryEvents,Windows11WVD,RegistryValueSet,435
DeviceRegistryEvents,Windows11WVD,RegistryKeyCreated,435
DeviceRegistryEvents,Windows11WVD,RegistryKeyDeleted,435
DeviceFileEvents,Windows11WVD,FileCreated,435
DeviceEvents,WindowsServer2022,AmsiScriptDetection,8
DeviceEvents,WindowsServer2016,NtAllocateVirtualMemoryRemoteApiCall,80
DeviceEvents,Windows11,AppControlCIScriptBlocked,140
DeviceEvents,Windows11,AppControlCodeIntegrityPolicyBlocked,145
DeviceEvents,Windows11,AppControlCodeIntegrityOriginBlocked,139
DeviceEvents,Windows11,ScreenshotTaken,175
DeviceEvents,Windows11,ExploitGuardLowIntegrityImageBlocked,98
DeviceEvents,Windows11,SmartScreenUrlWarning,404
DeviceNetworkEvents,Windows11WVD,SshConnectionInspected,111
DeviceEvents,Windows11WVD,AntivirusDetection,13
DeviceEvents,Windows11WVD,ExploitGuardChildProcessBlocked,62
DeviceEvents,Windows11WVD,AsrOfficeCommAppChildProcessBlocked,99
DeviceEvents,Windows11WVD,ReadProcessMemoryApiCall,220
DeviceEvents,Windows11WVD,WriteToLsassProcessMemory,140
DeviceEvents,Windows11WVD,OpenProcessApiCall,203
DeviceEvents,Windows11WVD,NtMapViewOfSectionRemoteApiCall,140
DeviceEvents,WindowsServer2025,UserAccountPasswordResetAttempt,54
DeviceEvents,WindowsServer2025,ExploitGuardNonMicrosoftSignedBlocked,17
DeviceEvents,WindowsServer2025,AppControlCodeIntegritySigningInformation,17
DeviceEvents,WindowsServer2019,ControlFlowGuardViolation,21
DeviceEvents,WindowsServer2022,SetThreadContextRemoteApiCall,8
DeviceEvents,WindowsServer2019,SecurityGroupDeleted,11
DeviceEvents,WindowsServer2019,AppControlScriptBlocked,9
DeviceEvents,WindowsServer2019,ExploitGuardLowIntegrityImageBlocked,1
DeviceEvents,WindowsServer2022,NtAllocateVirtualMemoryRemoteApiCall,137
DeviceEvents,WindowsServer2022,ExploitGuardChildProcessBlocked,4
DeviceEvents,WindowsServer2019,OtherAlertRelatedActivity,16
DeviceEvents,WindowsServer2019,ExploitGuardChildProcessAudited,64
DeviceEvents,WindowsServer2016,UsbDriveMounted,68
DeviceEvents,WindowsServer2016,UserAccountCreated,14
DeviceEvents,WindowsServer2016,UserAccountDeleted,13
DeviceEvents,Windows11,AsrOfficeChildProcessBlocked,23
DeviceEvents,WindowsServer2022,DirectoryServiceObjectCreated,16
DeviceEvents,Windows11,AsrOfficeProcessInjectionBlocked,19
DeviceEvents,WindowsServer2016,MemoryRemoteProtect,9
DeviceEvents,WindowsServer2022,GetAsyncKeyStateApiCall,6
DeviceEvents,WindowsServer2025,SensitiveFileRead,30
DeviceEvents,Windows11,AsrExecutableOfficeContentBlocked,46
DeviceEvents,WindowsServer2016,DnsQueryResponse,30
DeviceEvents,WindowsServer2019,SecurityLogCleared,10
DeviceEvents,Windows11,AntivirusDetection,148
DeviceEvents,WindowsServer2019,SetThreadContextRemoteApiCall,4
DeviceEvents,WindowsServer2016,SecurityGroupCreated,21
DeviceEvents,Windows11,SetThreadContextRemoteApiCall,65
DeviceEvents,Windows11,AsrOfficeMacroWin32ApiCallsAudited,88
DeviceEvents,Windows11,AsrExecutableEmailContentBlocked,21
DeviceNetworkEvents,iOS,ConnectionFailed,41
DeviceEvents,,AntivirusReport,371
DeviceNetworkEvents,,ConnectionFound,314
DeviceEvents,macOS,AntivirusDetection,15
DeviceEvents,Windows11,PnpDeviceBlocked,12
DeviceEvents,Windows11,AsrOfficeChildProcessAudited,4
DeviceEvents,Windows10,SecurityGroupDeleted,2
DeviceEvents,Windows10,PnpDeviceConnected,25
DeviceEvents,Windows10,AntivirusScanFailed,2
DeviceEvents,Windows10,UserAccountModified,19
DeviceEvents,Windows10,UserAccountPasswordResetAttempt,19
DeviceEvents,Windows10,GetClipboardData,18
DeviceNetworkEvents,Windows10,NtlmAuthenticationInspected,24
DeviceEvents,Windows10,WmiBindEventFilterToConsumer,20
DeviceEvents,Windows10,ServiceInstalled,26
DeviceEvents,Windows10,ScheduledTaskCreated,28
DeviceEvents,Windows10,ScheduledTaskDeleted,28
DeviceEvents,Windows10,TamperingAttempt,21
DeviceNetworkEvents,Windows10,ListeningConnectionCreated,29
DeviceLogonEvents,Windows10,LogonSuccess,26
DeviceEvents,Windows10,AntivirusReport,30
DeviceEvents,Windows10,RemoteDesktopConnection,19
DeviceEvents,Windows10,ShellLinkCreateFileEvent,28
DeviceEvents,Windows10,AntivirusScanCompleted,28
DeviceNetworkEvents,Windows10,ConnectionAttempt,25
DeviceEvents,Windows10,DriverLoad,30
DeviceEvents,Windows10,ExploitGuardWin32SystemCallBlocked,27
DeviceEvents,Windows10,ExploitGuardNonMicrosoftSignedBlocked,18
DeviceEvents,Windows10,AppControlCodeIntegritySigningInformation,28
DeviceNetworkEvents,Windows10,InboundConnectionAccepted,26
DeviceEvents,Windows10,AuditPolicyModification,23
DeviceEvents,Windows10,OpenProcessApiCall,29
DeviceEvents,Windows10,NtProtectVirtualMemoryApiCall,30
DeviceEvents,Windows10,BrowserLaunchedToOpenUrl,28
DeviceEvents,Windows10,UserAccountAddedToLocalGroup,24
DeviceEvents,Windows10,UserAccountRemovedFromLocalGroup,25
DeviceEvents,Windows10,ExploitGuardAcgEnforced,25
DeviceEvents,Windows10,ScheduledTaskUpdated,29
DeviceNetworkEvents,Windows10,SshConnectionInspected,10
DeviceEvents,Windows10,NtAllocateVirtualMemoryApiCall,30
DeviceNetworkEvents,Windows10,ConnectionFailed,29
DeviceEvents,Windows10,PowerShellCommand,29
DeviceEvents,Windows10,TvmAxonTelemetryEvent,28
DeviceLogonEvents,Windows10,LogonFailed,24
DeviceEvents,Windows10,LdapSearch,27
DeviceFileEvents,Windows10,FileModified,29
DeviceNetworkEvents,Windows10,HttpConnectionInspected,29
DeviceFileEvents,Windows10,FileRenamed,29
DeviceEvents,Windows10,MemoryRemoteProtect,21
DeviceEvents,Windows10,ReadProcessMemoryApiCall,30
DeviceFileEvents,Windows10,FileDeleted,29
DeviceFileEvents,Windows10,FileCreated,30
DeviceNetworkEvents,Windows10,KerberosConnectionInspected,23
DeviceEvents,Windows10,NamedPipeEvent,30
DeviceEvents,Windows10,ProcessCreatedUsingWmiQuery,29
DeviceRegistryEvents,Windows10,RegistryValueDeleted,29
DeviceRegistryEvents,Windows10,RegistryKeyDeleted,29
DeviceRegistryEvents,Windows10,RegistryValueSet,29
DeviceRegistryEvents,Windows10,RegistryKeyCreated,29
DeviceImageLoadEvents,Windows10,ImageLoaded,30
DeviceLogonEvents,Windows10,LogonAttempted,27
DeviceNetworkEvents,Windows10,IcmpConnectionInspected,27
DeviceNetworkEvents,Windows10,DnsConnectionInspected,29
DeviceProcessEvents,Windows10,ProcessCreated,30
DeviceEvents,Windows10,DpapiAccessed,30
DeviceNetworkEvents,Windows10,SslConnectionInspected,29
DeviceNetworkEvents,Windows10,ConnectionAcknowledged,29
DeviceNetworkEvents,Windows10,ConnectionSuccess,30
DeviceNetworkEvents,Windows10,NetworkSignatureInspected,26
DeviceEvents,WindowsServer2016,FirewallOutboundConnectionBlocked,8
DeviceEvents,WindowsServer2016,FirewallInboundConnectionBlocked,8
DeviceEvents,Windows11,UsbDriveDriveLetterChanged,34
DeviceEvents,WindowsServer2016,NtMapViewOfSectionRemoteApiCall,9
DeviceEvents,Windows10,SensitiveFileRead,6
DeviceEvents,Windows10,ScreenshotTaken,14
DeviceEvents,Windows10,PnpDeviceAllowed,17
DeviceEvents,Windows10,ProcessPrimaryTokenModified,16
DeviceEvents,Windows10,DnsQueryResponse,25
DeviceEvents,Windows10,ClrUnbackedModuleLoaded,21
DeviceEvents,Windows10,NtAllocateVirtualMemoryRemoteApiCall,22
DeviceEvents,Windows10,UsbDriveMounted,13
DeviceEvents,Windows10,CreateRemoteThreadApiCall,27
DeviceEvents,Windows11WVD,SecurityLogCleared,49
DeviceEvents,Windows11WVD,WmiBindEventFilterToConsumer,65
DeviceEvents,WindowsServer2022,AntivirusDetection,15
DeviceEvents,WindowsServer2022,OtherAlertRelatedActivity,12
DeviceEvents,WindowsServer2016,DirectoryServiceObjectCreated,10
DeviceEvents,WindowsServer2016,SecurityGroupDeleted,15
DeviceEvents,WindowsServer2022,AppControlExecutableAudited,4
DeviceEvents,macOS,UsbDriveMounted,20
DeviceEvents,macOS,UsbDriveUnmounted,18
DeviceEvents,WindowsServer2019,SafeDocFileScan,30
DeviceEvents,Windows11WVD,AppControlPolicyApplied,4
DeviceEvents,Windows11WVD,AppControlExecutableAudited,2
DeviceEvents,Windows11,OtherAlertRelatedActivity,33
DeviceNetworkEvents,Windows10,ConnectionFound,13
DeviceNetworkEvents,Windows11,InboundInternetScanInspected,4
DeviceEvents,WindowsServer2016,AppControlAppInstallationBlocked,5
DeviceEvents,Windows11WVD,AsrOfficeProcessInjectionBlocked,8
DeviceEvents,Windows11,ExploitGuardNonMicrosoftSignedAudited,30
DeviceEvents,WindowsServer2016,FirewallInboundConnectionToAppBlocked,1
DeviceEvents,WindowsServer2022,ControlledFolderAccessViolationAudited,17
DeviceEvents,WindowsServer2022,AsrUntrustedExecutableAudited,14
DeviceEvents,Windows11WVD,AsrOfficeMacroWin32ApiCallsBlocked,10
DeviceEvents,Windows11WVD,ScreenshotTaken,1
DeviceEvents,Windows11WVD,UsbDriveMounted,2
DeviceEvents,WindowsServer2012R2,ScreenshotTaken,1
DeviceEvents,WindowsServer2012R2,ProcessPrimaryTokenModified,1
DeviceEvents,WindowsServer2012R2,PnpDeviceConnected,1
DeviceEvents,WindowsServer2012R2,ShellLinkCreateFileEvent,1
DeviceEvents,WindowsServer2012R2,CreateRemoteThreadApiCall,1
DeviceNetworkEvents,WindowsServer2012R2,ConnectionFound,1
DeviceEvents,WindowsServer2012R2,ClrUnbackedModuleLoaded,1
DeviceEvents,WindowsServer2012R2,TamperingAttempt,1
DeviceEvents,WindowsServer2012R2,RemoteWmiOperation,1
DeviceEvents,WindowsServer2012R2,AntivirusScanCompleted,1
DeviceEvents,WindowsServer2012R2,AntivirusReport,1
DeviceEvents,WindowsServer2012R2,TvmAxonTelemetryEvent,1
DeviceEvents,WindowsServer2012R2,DriverLoad,1
DeviceEvents,WindowsServer2012R2,SensitiveFileRead,1
DeviceRegistryEvents,WindowsServer2012R2,RegistryValueDeleted,1
DeviceFileEvents,WindowsServer2012R2,FileDeleted,1
DeviceFileEvents,WindowsServer2012R2,FileRenamed,1
DeviceLogonEvents,WindowsServer2012R2,LogonAttempted,1
DeviceNetworkEvents,WindowsServer2012R2,ConnectionFailed,1
DeviceFileEvents,WindowsServer2012R2,FileModified,1
DeviceLogonEvents,WindowsServer2012R2,LogonSuccess,1
DeviceEvents,WindowsServer2012R2,ProcessCreatedUsingWmiQuery,1
DeviceRegistryEvents,WindowsServer2012R2,RegistryKeyDeleted,1
DeviceRegistryEvents,WindowsServer2012R2,RegistryKeyCreated,1
DeviceRegistryEvents,WindowsServer2012R2,RegistryValueSet,1
DeviceEvents,WindowsServer2012R2,UserAccountRemovedFromLocalGroup,1
DeviceEvents,WindowsServer2012R2,UserAccountAddedToLocalGroup,1
DeviceEvents,WindowsServer2012R2,BrowserLaunchedToOpenUrl,1
DeviceEvents,WindowsServer2012R2,RemoteDesktopConnection,1
DeviceEvents,WindowsServer2012R2,PowerShellCommand,1
DeviceImageLoadEvents,WindowsServer2012R2,ImageLoaded,1
DeviceEvents,WindowsServer2012R2,OpenProcessApiCall,1
DeviceFileEvents,WindowsServer2012R2,FileCreated,1
DeviceEvents,WindowsServer2012R2,NamedPipeEvent,1
DeviceNetworkEvents,WindowsServer2012R2,ListeningConnectionCreated,1
DeviceProcessEvents,WindowsServer2012R2,ProcessCreated,1
DeviceLogonEvents,WindowsServer2012R2,LogonFailed,1
DeviceNetworkEvents,WindowsServer2012R2,InboundConnectionAccepted,1
DeviceNetworkEvents,WindowsServer2012R2,ConnectionSuccess,1
DeviceEvents,Windows11WVD,AsrPsexecWmiChildProcessAudited,6
DeviceEvents,Windows11WVD,RemoteWmiOperation,8
DeviceEvents,WindowsServer2016,AntivirusDetectionActionType,7
DeviceEvents,WindowsServer2016,AntivirusDetection,14
DeviceEvents,WindowsServer2016,OtherAlertRelatedActivity,13
DeviceEvents,WindowsServer2025,AntivirusScanCancelled,6
DeviceEvents,Windows11,InboundRemoteRpcCall,5
DeviceEvents,WindowsServer2019,FirewallInboundConnectionToAppBlocked,1
DeviceEvents,WindowsServer2019,FirewallInboundConnectionBlocked,7
DeviceEvents,WindowsServer2019,FirewallOutboundConnectionBlocked,7
DeviceEvents,WindowsServer2025,ScreenshotTaken,7
DeviceEvents,WindowsServer2025,RemoteWmiOperation,8
DeviceEvents,WindowsServer2025,UserAccountModified,28
DeviceEvents,WindowsServer2025,SmartScreenUserOverride,2
DeviceEvents,Windows10,AsrLsassCredentialTheftBlocked,17
DeviceEvents,WindowsServer2019,SmartScreenUserOverride,1
DeviceEvents,Windows11,AsrAdobeReaderChildProcessBlocked,5
DeviceEvents,WindowsServer2025,OtherAlertRelatedActivity,1
DeviceEvents,WindowsServer2025,AntivirusDetection,4
DeviceEvents,WindowsServer2022,AppControlCodeIntegrityPolicyAudited,1
DeviceEvents,WindowsServer2022,AppControlCIScriptAudited,1
DeviceEvents,WindowsServer2019,SmartScreenAppWarning,14
DeviceEvents,WindowsServer2016,CertificateServicesLoadedTemplate,6
DeviceEvents,WindowsServer2016,CertificateServicesReceivedCertificateRequest,6
DeviceEvents,WindowsServer2016,CertificateServicesApprovedCertificateRequest,6
DeviceEvents,WindowsServer2025,NtMapViewOfSectionRemoteApiCall,3
DeviceEvents,WindowsServer2025,ExploitGuardAcgAudited,4
DeviceEvents,WindowsServer2025,ExploitGuardWin32SystemCallBlocked,2
DeviceEvents,WindowsServer2025,UserAccountDeleted,7
DeviceEvents,WindowsServer2025,UserAccountCreated,11
DeviceEvents,WindowsServer2025,DnsQueryResponse,5
DeviceEvents,Windows11,AntivirusScanFailed,5
DeviceEvents,Windows10,NtMapViewOfSectionRemoteApiCall,8
DeviceEvents,WindowsServer2019,AntivirusDetectionActionType,3
DeviceEvents,Windows10,ExploitGuardAcgAudited,1
DeviceEvents,WindowsServer2025,GetAsyncKeyStateApiCall,4
DeviceEvents,WindowsServer2025,UsbDriveUnmounted,2
DeviceEvents,WindowsServer2025,FirewallInboundConnectionBlocked,1
DeviceEvents,Windows11WVD,AppControlCodeIntegrityDriverRevoked,1
DeviceEvents,Windows11WVD,AppControlCodeIntegrityPolicyBlocked,1
DeviceRegistryEvents,WindowsServer2022,RegistryKeyRenamed,1
DeviceEvents,WindowsServer2025,ExploitGuardNonMicrosoftSignedAudited,1
DeviceEvents,WindowsServer2025,WriteToLsassProcessMemory,1
DeviceEvents,WindowsServer2025,ExploitGuardAcgEnforced,2
DeviceEvents,WindowsServer2016,AppControlExecutableBlocked,1
DeviceEvents,Windows10WVD,AntivirusScanCancelled,1
DeviceNetworkEvents,Windows10WVD,ConnectionFound,1
DeviceEvents,Windows10WVD,UserAccountPasswordResetAttempt,5
DeviceEvents,Windows10WVD,SafeDocFileScan,1
DeviceNetworkEvents,Windows10WVD,ListeningConnectionCreated,7
DeviceEvents,Windows10WVD,SensitiveFileRead,2
DeviceEvents,Windows10WVD,AppControlPolicyApplied,7
DeviceEvents,Windows10WVD,UserAccountModified,7
DeviceEvents,Windows10WVD,UserAccountRemovedFromLocalGroup,7
DeviceEvents,Windows10WVD,UserAccountAddedToLocalGroup,7
DeviceEvents,Windows10WVD,ScreenshotTaken,2
DeviceEvents,Windows10WVD,ExploitGuardWin32SystemCallBlocked,3
DeviceEvents,Windows10WVD,GetClipboardData,2
DeviceEvents,Windows10WVD,ScheduledTaskDeleted,7
DeviceEvents,Windows10WVD,ClrUnbackedModuleLoaded,7
DeviceEvents,Windows10WVD,PowerShellCommand,7
DeviceEvents,Windows10WVD,AuditPolicyModification,7
DeviceEvents,Windows10WVD,AsrLsassCredentialTheftBlocked,6
DeviceEvents,Windows10WVD,AntivirusReport,7
DeviceEvents,Windows10WVD,ExploitGuardAcgEnforced,7
DeviceEvents,Windows10WVD,TamperingAttempt,7
DeviceEvents,Windows10WVD,ServiceInstalled,7
DeviceEvents,Windows10WVD,PnpDeviceConnected,7
DeviceEvents,Windows10WVD,PnpDeviceAllowed,4
DeviceEvents,Windows10WVD,DriverLoad,6
DeviceEvents,Windows10WVD,ScheduledTaskCreated,7
DeviceEvents,Windows10WVD,NtAllocateVirtualMemoryRemoteApiCall,3
DeviceEvents,Windows10WVD,ShellLinkCreateFileEvent,7
DeviceEvents,Windows10WVD,CreateRemoteThreadApiCall,6
DeviceEvents,Windows10WVD,BrowserLaunchedToOpenUrl,5
DeviceEvents,Windows10WVD,TvmAxonTelemetryEvent,7
DeviceEvents,Windows10WVD,OpenProcessApiCall,7
DeviceEvents,Windows10WVD,AppControlExecutableAudited,7
DeviceEvents,Windows10WVD,NtProtectVirtualMemoryApiCall,7
DeviceEvents,Windows10WVD,AntivirusScanCompleted,7
DeviceEvents,Windows10WVD,AppControlCodeIntegritySigningInformation,7
DeviceEvents,Windows10WVD,ProcessCreatedUsingWmiQuery,7
DeviceEvents,Windows10WVD,RemoteDesktopConnection,7
DeviceRegistryEvents,Windows10WVD,RegistryValueDeleted,7
DeviceRegistryEvents,Windows10WVD,RegistryValueSet,7
DeviceEvents,Windows10WVD,NtAllocateVirtualMemoryApiCall,7
DeviceNetworkEvents,Windows10WVD,ConnectionAttempt,7
DeviceNetworkEvents,Windows10WVD,InboundConnectionAccepted,7
DeviceNetworkEvents,Windows10WVD,ConnectionFailed,7
DeviceRegistryEvents,Windows10WVD,RegistryKeyDeleted,7
DeviceRegistryEvents,Windows10WVD,RegistryKeyCreated,7
DeviceLogonEvents,Windows10WVD,LogonSuccess,7
DeviceEvents,Windows10WVD,NamedPipeEvent,7
DeviceFileEvents,Windows10WVD,FileModified,7
DeviceNetworkEvents,Windows10WVD,KerberosConnectionInspected,7
DeviceLogonEvents,Windows10WVD,LogonFailed,6
DeviceFileEvents,Windows10WVD,FileRenamed,7
DeviceEvents,Windows10WVD,ScheduledTaskUpdated,7
DeviceEvents,Windows10WVD,DpapiAccessed,7
DeviceEvents,Windows10WVD,LdapSearch,7
DeviceLogonEvents,Windows10WVD,LogonAttempted,7
DeviceNetworkEvents,Windows10WVD,DnsConnectionInspected,7
DeviceEvents,Windows10WVD,ReadProcessMemoryApiCall,7
DeviceNetworkEvents,Windows10WVD,NetworkSignatureInspected,7
DeviceImageLoadEvents,Windows10WVD,ImageLoaded,7
DeviceProcessEvents,Windows10WVD,ProcessCreated,7
DeviceNetworkEvents,Windows10WVD,IcmpConnectionInspected,7
DeviceFileEvents,Windows10WVD,FileDeleted,7
DeviceFileEvents,Windows10WVD,FileCreated,7
DeviceNetworkEvents,Windows10WVD,NtlmAuthenticationInspected,7
DeviceNetworkEvents,Windows10WVD,ConnectionAcknowledged,7
DeviceNetworkEvents,Windows10WVD,SslConnectionInspected,7
DeviceNetworkEvents,Windows10WVD,ConnectionSuccess,7
DeviceNetworkEvents,Windows10WVD,HttpConnectionInspected,7
DeviceEvents,Windows11WVD,AppControlCodeIntegrityPolicyLoaded,1
DeviceEvents,Windows11WVD,AppControlCodeIntegrityOriginAudited,1
DeviceEvents,Windows11WVD,AppControlCodeIntegrityPolicyAudited,1
DeviceEvents,Windows11WVD,AppControlCIScriptAudited,1
DeviceEvents,Windows10,AntivirusDetection,2
DeviceProcessEvents,,ProcessCreated,21
DeviceFileEvents,,FileRenamed,14
DeviceFileEvents,,FileDeleted,18
DeviceFileEvents,,FileCreated,18
DeviceEvents,,ScriptContent,18
DeviceNetworkEvents,,ConnectionFailed,13
DeviceNetworkEvents,,ConnectionRequest,16
DeviceLogonEvents,,LogonSuccess,16
DeviceRegistryEvents,Windows11,RegistryKeyRenamed,6
DeviceEvents,Windows10,AppControlPolicyApplied,5
DeviceEvents,Windows10,AppControlExecutableAudited,7
DeviceNetworkEvents,,ConnectionSuccess,8
DeviceEvents,Windows10,SafeDocFileScan,1
DeviceEvents,Windows10,ControlledFolderAccessViolationAudited,3
DeviceEvents,WindowsServer2016,SafeDocFileScan,1
DeviceEvents,WindowsServer2019,AppControlPackagedAppAudited,1
DeviceEvents,WindowsServer2019,MemoryRemoteProtect,4
DeviceEvents,WindowsServer2019,AmsiScriptDetection,3
DeviceEvents,Windows10WVD,ExploitGuardNonMicrosoftSignedBlocked,1
DeviceEvents,Windows10WVD,ProcessPrimaryTokenModified,1
DeviceEvents,Windows10WVD,MemoryRemoteProtect,2
DeviceEvents,Windows11WVD,AsrExecutableOfficeContentBlocked,1
DeviceEvents,WindowsServer2016,AntivirusScanFailed,2
DeviceEvents,Windows11WVD,ExploitGuardLowIntegrityImageBlocked,3
DeviceEvents,WindowsServer2022,AntivirusDetectionActionType,1
DeviceEvents,WindowsServer2016,UsbDriveUnmounted,4
DeviceEvents,WindowsServer2019,GetAsyncKeyStateApiCall,1
DeviceEvents,WindowsServer2022,NtMapViewOfSectionRemoteApiCall,2
DeviceEvents,WindowsServer2019,ExploitGuardSharedBinaryBlocked,2
DeviceEvents,WindowsServer2019,AntivirusScanFailed,1
DeviceEvents,WindowsServer2022,DirectoryServiceObjectModified,1
DeviceEvents,Windows11,AntivirusDetectionActionType,1
DeviceEvents,WindowsServer2022,UsbDriveDriveLetterChanged,6
DeviceEvents,Windows11,NetworkProtectionUserBypassEvent,4
DeviceEvents,Windows11,WindowsInfoProtectionApplicationGenerated,1
DeviceNetworkEvents,Windows11,FtpConnectionInspected,6
DeviceLogonEvents,macOS,LogonFailed,1
DeviceEvents,Windows11WVD,ExploitGuardChildProcessAudited,3
DeviceEvents,Windows11,AsrRansomwareBlocked,2
DeviceEvents,Windows11WVD,SmartScreenUrlWarning,3
DeviceEvents,Windows11WVD,OtherAlertRelatedActivity,2
DeviceEvents,Windows11WVD,ExploitGuardNetworkProtectionBlocked,1
DeviceEvents,WindowsServer2022,ExploitGuardNetworkProtectionBlocked,1
DeviceEvents,Windows11,SmartScreenAppWarning,1
DeviceEvents,Windows11,AntivirusTroubleshootModeEvent,1
DeviceEvents,Windows10,WriteToLsassProcessMemory,1
DeviceEvents,Windows10,RemoteWmiOperation,1
DeviceEvents,Windows10,ExploitGuardChildProcessAudited,1
DeviceEvents,Windows10,SecurityGroupCreated,1
DeviceEvents,WindowsServer2025,SecurityLogCleared,1
DeviceEvents,Windows11,RemoteWmiOperation,1
DeviceEvents,WindowsServer2025,AppControlPolicyApplied,24
DeviceEvents,WindowsServer2025,SecurityGroupCreated,10
DeviceEvents,Windows10,ExploitGuardChildProcessBlocked,1
DeviceEvents,,DriverLoad,5
DeviceNetworkEvents,,InboundConnectionAccepted,5
DeviceFileEvents,,FileModified,3
DeviceNetworkEvents,,HttpConnectionInspected,3
DeviceNetworkEvents,,ListeningConnectionCreated,3
DeviceNetworkEvents,,SslConnectionInspected,3
DeviceNetworkEvents,,DnsConnectionInspected,3
DeviceNetworkEvents,,ConnectionAcknowledged,3
DeviceRegistryEvents,,RegistryKeyDeleted,3
DeviceRegistryEvents,,RegistryValueDeleted,3
DeviceRegistryEvents,,RegistryKeyCreated,3
DeviceRegistryEvents,,RegistryValueSet,3
DeviceImageLoadEvents,,ImageLoaded,3
DeviceLogonEvents,,LogonAttempted,3
DeviceEvents,,ServiceInstalled,3
DeviceEvents,,ProcessCreatedUsingWmiQuery,3
DeviceEvents,,NtAllocateVirtualMemoryRemoteApiCall,1
DeviceEvents,,NtAllocateVirtualMemoryApiCall,1
DeviceEvents,,ScreenshotTaken,1
DeviceEvents,,BrowserLaunchedToOpenUrl,3
DeviceEvents,,ScheduledTaskUpdated,3
DeviceEvents,,AppControlCodeIntegrityOriginAudited,1
DeviceEvents,,DpapiAccessed,3
DeviceEvents,,NamedPipeEvent,3
DeviceEvents,,AppControlExecutableAudited,1
DeviceEvents,Windows11WVD,SetThreadContextRemoteApiCall,1
DeviceEvents,,CreateRemoteThreadApiCall,2
DeviceEvents,,PnpDeviceAllowed,2
DeviceEvents,,ShellLinkCreateFileEvent,2
DeviceEvents,,RemoteDesktopConnection,2
DeviceEvents,,TvmAxonTelemetryEvent,2
DeviceEvents,,WmiBindEventFilterToConsumer,2
DeviceEvents,,OpenProcessApiCall,2
DeviceEvents,,PnpDeviceConnected,2
DeviceEvents,,SecurityLogCleared,2
DeviceEvents,,ReadProcessMemoryApiCall,2
DeviceEvents,,GetClipboardData,2
DeviceEvents,,NtProtectVirtualMemoryApiCall,2
DeviceEvents,,PowerShellCommand,2
DeviceEvents,,ProcessPrimaryTokenModified,2
DeviceEvents,,ClrUnbackedModuleLoaded,2
DeviceNetworkEvents,,NtlmAuthenticationInspected,2
DeviceNetworkEvents,,NetworkSignatureInspected,2
